name	N	ws	avg	std	rel_std	minv	maxv	amp
numba_didatic_mwsd	100	1	0.0014306234050309285	0.00012266639761074772	8.574331803840145	0.001343317999271676	0.0016732860094634816	0.00032996801019180566
numba_didatic_mwsd	100	3	0.0015050464047817514	6.345618537513939e-05	4.216227830153931	0.0014456999924732372	0.0015864730085013434	0.0001407730160281062
numba_didatic_mwsd	100	5	0.0018880569958128035	6.616441944263722e-05	3.504365577383093	0.0018306559941265732	0.001982664005481638	0.0001520080113550648
numba_didatic_mwsd	100	7	0.002144651999697089	0.00019008631114969318	8.863270646078757	0.001784877007594332	0.0023131799971451983	0.0005283029895508662
numba_didatic_mwsd	100	9	0.0031419221981195734	0.00024148665857006937	7.685952844873055	0.0029099759995006025	0.0035030270082643256	0.0005930510087637231
numba_didatic_mwsd	100	11	0.003771109797526151	0.0005104131013460944	13.534824726687235	0.0032959860109258443	0.004448014995432459	0.0011520289845066145
numba_didatic_mwsd	100	13	0.005033212399575859	0.0009377688511905071	18.631616882878447	0.0033001959964167327	0.005894704008824192	0.0025945080124074593
numba_didatic_mwsd	100	15	0.005484406798495911	0.0006648652439886245	12.122828747330754	0.004627270987839438	0.0065836520079756156	0.0019563810201361775
numba_didatic_mwsd	100	17	0.006605992402182892	0.0008087268387929644	12.242321661249985	0.005643921002047136	0.007993651001015678	0.0023497299989685416
numba_didatic_mwsd	100	19	0.006725154802552424	0.0005807830161823576	8.635979887956346	0.006230397004401311	0.007822079001925886	0.0015916819975245744
numba_didatic_mwsd	100	21	0.008458178001455962	0.000309083447390627	3.6542556486446895	0.008127216991852038	0.008855503008817323	0.0007282860169652849
numba_didatic_mwsd	100	23	0.00927613560052123	0.0013066426800262907	14.086067046635993	0.007899033997091465	0.01092102300026454	0.0030219890031730756
numba_didatic_mwsd	100	25	0.01053970739885699	0.0005080234680823295	4.8200908133125555	0.010026357005699538	0.011508560986840166	0.0014822039811406285
numba_didatic_mwsd	100	27	0.013466831998084672	0.002182285786264827	16.204893523400337	0.011143462994368747	0.017133809000370093	0.005990346006001346
numba_didatic_mwsd	100	29	0.01313486700237263	0.0009176681799641242	6.986505305294376	0.012027842007228173	0.01468196501082275	0.0026541230035945773
numba_didatic_mwsd	100	31	0.014746400999138131	0.0007073379083485051	4.796681633639599	0.01403871200454887	0.01597944600507617	0.0019407340005273
numba_didatic_mwsd	100	33	0.017403678598930127	0.002907706301918923	16.707423579390113	0.014837039998383261	0.021927654001046903	0.007090614002663642
numba_didatic_mwsd	100	35	0.018438200003583916	0.0017141377954558654	9.296665591666653	0.016599594004219398	0.02115030500863213	0.004550711004412733
numba_didatic_mwsd	100	37	0.01884030400251504	0.0007368419273892781	3.9109874622559984	0.018075935993692838	0.02013270600582473	0.002056770012131892
numba_didatic_mwsd	100	39	0.021589830802986397	0.0006979058568819233	3.2325675140788324	0.02085375699971337	0.02249100900371559	0.001637252004002221
numba_didatic_mwsd	100	41	0.022833550802897663	0.0009979983716422718	4.370754160214197	0.022165342001244426	0.024795752004138194	0.0026304100028937683
numba_didatic_mwsd	100	43	0.02826985340216197	0.004900432295716313	17.334480748816144	0.02314292899973225	0.036706434009829536	0.013563505010097288
numba_didatic_mwsd	100	45	0.025763069398817607	0.0013496990813909766	5.238890834385288	0.024127723998390138	0.028045054990798235	0.003917330992408097
numba_didatic_mwsd	100	47	0.029420247595408	0.0030642060210959604	10.415296510197388	0.02584933199977968	0.034164796001277864	0.008315464001498185
numba_didatic_mwsd	100	49	0.031930330602335744	0.0037521794330761756	11.751144953073862	0.02890493300219532	0.03844381899398286	0.009538885991787538
numba_didatic_mwsd	100	51	0.03646526719967369	0.005813604489931331	15.942854492461677	0.030870956994476728	0.04718481500458438	0.01631385801010765
numba_didatic_mwsd	100	53	0.037025121800252234	0.002014059726622684	5.439711278975355	0.03434615100559313	0.03905571599898394	0.0047095649933908135
numba_didatic_mwsd	100	55	0.057917570800054816	0.00430980099923679	7.441266855122851	0.052870248997351155	0.06314754199411254	0.010277292996761389
numba_didatic_mwsd	100	57	0.06107405639777426	0.005211376324170594	8.53288062320438	0.05604199299705215	0.07105808399501257	0.015016090997960418
numba_didatic_mwsd	100	59	0.044072872999822724	0.006571799219195245	14.91121130047882	0.039448499999707565	0.05713002500124276	0.017681525001535192
numba_didatic_mwsd	200	1	0.004681006202008575	0.00013796224622912023	2.9472775782677223	0.004481399999349378	0.00484111400146503	0.00035971400211565197
numba_didatic_mwsd	200	3	0.005524157203035429	1.6183783472098793e-05	0.29296384728526703	0.005510356000741012	0.005555153009481728	4.479700874071568e-05
numba_didatic_mwsd	200	5	0.006150552802137099	0.0006959730066194484	11.315617132457142	0.005141795001691207	0.007299343997146934	0.002157548995455727
numba_didatic_mwsd	200	7	0.007882637999136933	0.0007349874856092582	9.324130902493959	0.007154330000048503	0.009201977998600341	0.002047647998551838
numba_didatic_mwsd	200	9	0.010526769200805575	0.0007745135793654538	7.357562083779543	0.009391547995619476	0.01178446100675501	0.0023929130111355335
numba_didatic_mwsd	200	11	0.012009308201959357	0.0011898991543850726	9.908140705315038	0.010443455001222901	0.013763665992883034	0.003320210991660133
numba_didatic_mwsd	200	13	0.015274730999954045	0.0010617052145414701	6.950729374839167	0.013997816000482999	0.016623547999188304	0.002625731998705305
numba_didatic_mwsd	200	15	0.01782441280374769	0.0017757122146497713	9.962248037009203	0.01587698599905707	0.01997399900574237	0.004097013006685302
numba_didatic_mwsd	200	17	0.02302479600184597	0.005398659453135831	23.447154331803866	0.019368866007425822	0.03369103900331538	0.01432217299588956
numba_didatic_mwsd	200	19	0.0231956615956733	0.0013180831536173082	5.682455523765578	0.02202070599014405	0.025720789999468252	0.0037000840093242005
numba_didatic_mwsd	200	21	0.02725708599900827	0.0014086156660956227	5.167887961856502	0.02522466899245046	0.028701123999780975	0.0034764550073305145
numba_didatic_mwsd	200	23	0.030477178198634648	0.0008108418034114156	2.660488441963898	0.029469867004081607	0.03161390199966263	0.0021440349955810234
numba_didatic_mwsd	200	25	0.037641775599331594	0.0035443254565967527	9.415935885499751	0.03463697899132967	0.04430846199102234	0.009671482999692671
numba_didatic_mwsd	200	27	0.041172338201431555	0.003177990827477267	7.7187523621545715	0.03825198799313512	0.04720319500484038	0.008951207011705264
numba_didatic_mwsd	200	29	0.04469234839780256	0.0003683022305900223	0.8240834142609768	0.04430916499404702	0.0452463359979447	0.0009371710038976744
numba_didatic_mwsd	200	31	0.053767439399962313	0.004725954901669725	8.789622407930844	0.04857120999076869	0.061913465993711725	0.013342256002943031
numba_didatic_mwsd	200	33	0.05685110920458101	0.0021913030862416006	3.85445968759573	0.05497136400663294	0.059941215004073456	0.004969850997440517
numba_didatic_mwsd	200	35	0.06637442159699276	0.0032837565818855017	4.947322331219048	0.06271374700008892	0.07175207599357236	0.009038328993483447
numba_didatic_mwsd	200	37	0.08161899940168951	0.01240139536377096	15.194250670407325	0.07336110300093424	0.10598055600712541	0.03261945300619118
numba_didatic_mwsd	200	39	0.08365875259914901	0.0038992764824720243	4.660930699212563	0.07919366400165018	0.09010858999681659	0.010914925995166413
numba_didatic_mwsd	200	41	0.09254200540017336	0.0038865106081367364	4.199725942106562	0.08847145999607164	0.0997528999869246	0.01128143999085296
numba_didatic_mwsd	200	43	0.09368101879954338	0.004978988792709047	5.314832029488257	0.08830367600603495	0.10214107000501826	0.013837393998983316
numba_didatic_mwsd	200	45	0.1038415945979068	0.004836465023182532	4.657541173082124	0.09724008099874482	0.10843166700215079	0.011191586003405973
numba_didatic_mwsd	200	47	0.116914636400179	0.011657990839931862	9.971369880524225	0.10739737600670196	0.13879788600024767	0.03140050999354571
numba_didatic_mwsd	200	49	0.13386931159475352	0.019169713449330657	14.319722138678674	0.11678703498910181	0.1684234779968392	0.0516364430077374
numba_didatic_mwsd	200	51	0.134968664200278	0.007643530152824399	5.663188709849183	0.12599564499396365	0.1453207879967522	0.019325143002788536
numba_didatic_mwsd	200	53	0.1470260119996965	0.017681341929525782	12.025995733028711	0.12678308499744162	0.17675497599702794	0.04997189099958632
numba_didatic_mwsd	200	55	0.15284072479989846	0.018807385039045492	12.305218431585184	0.13987789199745748	0.1902588789962465	0.05038098699878901
numba_didatic_mwsd	200	57	0.1616113894036971	0.011031580751164265	6.825992148120163	0.15221379601280205	0.1823984070069855	0.03018461099418346
numba_didatic_mwsd	200	59	0.16376554140006191	0.005177243462674882	3.161375353089343	0.15782699000556022	0.17199041100684553	0.014163421001285315
numba_didatic_mwsd	300	1	0.010191759603912942	0.0004416912379742922	4.333807459555	0.009818410006118938	0.01105282999924384	0.0012344199931249022
numba_didatic_mwsd	300	3	0.012660020202747545	0.00018049893660300264	1.4257397200979962	0.012371864999295212	0.012931481003761292	0.0005596160044660792
numba_didatic_mwsd	300	5	0.01488647939695511	0.001961415111497307	13.175815847355393	0.012983262000489049	0.017753615000401624	0.004770352999912575
numba_didatic_mwsd	300	7	0.017709889600519092	0.003138114367730918	17.7195591757892	0.014132534997770563	0.02218923400505446	0.008056699007283896
numba_didatic_mwsd	300	9	0.021810997001011856	0.00045953307986507883	2.1068870893144416	0.020931389008183032	0.022235697993892245	0.0013043089857092127
numba_didatic_mwsd	300	11	0.0261707120022038	0.0008808062890317847	3.3656183636028447	0.025080186009290628	0.027273216997855343	0.002193030988564715
numba_didatic_mwsd	300	13	0.03455325559771154	0.0033019043643865297	9.555986280509021	0.03106961300363764	0.04012722599145491	0.009057612987817265
numba_didatic_mwsd	300	15	0.03732654899940826	0.0006862953375903248	1.8386252037422606	0.03676661600184161	0.038604749002843164	0.0018381330010015517
numba_didatic_mwsd	300	17	0.05174496279796585	0.006718661270576694	12.984184174233885	0.04318013199372217	0.0631110349931987	0.01993090299947653
numba_didatic_mwsd	300	19	0.05805751300358679	0.010326572605031333	17.786798074511662	0.05133152799680829	0.07859286500024609	0.027261337003437802
numba_didatic_mwsd	300	21	0.06443238080246375	0.0018875310629661373	2.929475893111748	0.061829917001887225	0.06656348599062767	0.004733568988740444
numba_didatic_mwsd	300	23	0.08389834539557342	0.025669333671493114	30.59575674641071	0.06678007199661806	0.1344989499921212	0.06771887799550314
numba_didatic_mwsd	300	25	0.07968565780320205	0.0006107857855796653	0.7664939995702987	0.07892199199704919	0.08055704900471028	0.0016350570076610893
numba_didatic_mwsd	300	27	0.10064170399855357	0.011270751370423528	11.198887660512497	0.09182967100059614	0.12257473600038793	0.030745064999791794
numba_didatic_mwsd	300	29	0.10529587060154881	0.00191163649606654	1.8154904699922976	0.10211873200023547	0.10772295499918982	0.005604222998954356
numba_didatic_mwsd	300	31	0.12495594839856494	0.0077970044205817705	6.239802522815564	0.11508093199518044	0.13561220199335366	0.02053126999817323
numba_didatic_mwsd	300	33	0.1330738992022816	0.0069935151998807435	5.255362052065607	0.12498518898792099	0.14613358399947174	0.021148395011550747
numba_didatic_mwsd	300	35	0.14832286539894995	0.004237905067524761	2.85721628700059	0.14220460399519652	0.15463703600107692	0.0124324320058804
numba_didatic_mwsd	300	37	0.17156681739725171	0.020231424175457865	11.792154498391916	0.15662336800596677	0.21145213599083945	0.054828767984872684
numba_didatic_mwsd	300	39	0.18022126939322333	0.005985366612378794	3.3211211043683035	0.17482457299774978	0.19123644698993303	0.016411873992183246
numba_didatic_mwsd	300	41	0.19628813479503152	0.005981663081607573	3.0473890272857096	0.18938584199349862	0.20732122399203945	0.017935381998540834
numba_didatic_mwsd	300	43	0.20306347159785218	0.00686180788969	3.3791443806688948	0.1973490559903439	0.215714065998327	0.018365010007983074
numba_didatic_mwsd	300	45	0.22096919299801812	0.0052438619901918416	2.3731190393761694	0.21221104500000365	0.22792104000109248	0.015709995001088828
numba_didatic_mwsd	300	47	0.23568871919997036	0.006799447698365518	2.884927085795956	0.22971005699946545	0.24635438100085594	0.016644324001390487
numba_didatic_mwsd	300	49	0.25803558439947666	0.003427564684851937	1.3283302350832231	0.25381914000899997	0.26215591399522964	0.008336773986229673
numba_didatic_mwsd	300	51	0.27718733219662683	0.00702969525614867	2.5360809963573856	0.2693169759877492	0.2886020570003893	0.01928508101264015
numba_didatic_mwsd	300	53	0.2920268971967744	0.006920993745248147	2.369985029353178	0.28650815099535976	0.30534964900289197	0.01884149800753221
numba_didatic_mwsd	300	55	0.31939599640318195	0.006470674055611779	2.025909569462379	0.31080877300701104	0.32893319000140764	0.018124416994396597
numba_didatic_mwsd	300	57	0.3410939713998232	0.005097289648521305	1.4943945293440466	0.333940912008984	0.3470392930030357	0.013098380994051695
numba_didatic_mwsd	300	59	0.3973365910031134	0.027462440967458774	6.9116314956363	0.36767080299614463	0.44838619900110643	0.0807153960049618
numba_didatic_mwsd	400	1	0.01734744600544218	0.00035078337474091833	2.022103856849428	0.01689264400920365	0.01784296600089874	0.0009503219916950911
numba_didatic_mwsd	400	3	0.020290101002319715	0.0017294064520794333	8.523399917436166	0.019091969006694853	0.023677946999669075	0.004585977992974222
numba_didatic_mwsd	400	5	0.024259839599835686	0.0036067590737919827	14.86720082772687	0.020324217999586836	0.029554941997048445	0.00923072399746161
numba_didatic_mwsd	400	7	0.028468213800806552	0.001664238962340995	5.845954979774124	0.026590573994326405	0.031546024009003304	0.004955450014676899
numba_didatic_mwsd	400	9	0.04042409400281031	0.002346405445746941	5.804472564267779	0.03718148299958557	0.04354903601051774	0.00636755301093217
numba_didatic_mwsd	400	11	0.04994425639451947	0.0038601023884380858	7.728821424322309	0.04321515699848533	0.05415257898857817	0.010937421990092844
numba_didatic_mwsd	400	13	0.058552266002516264	0.0042341283098429475	7.23136540891686	0.052560836003976874	0.06491108400223311	0.012350247998256236
numba_didatic_mwsd	400	15	0.07854042699618731	0.004471572129357254	5.693338195849538	0.07205092700314708	0.08484530499845278	0.012794377995305695
numba_didatic_mwsd	400	17	0.0963431484036846	0.006857197229279551	7.117472641175697	0.08358405499893706	0.10386965700308792	0.02028560200415086
numba_didatic_mwsd	400	19	0.09515927199972793	0.00407194711258397	4.279086028102036	0.09124708999297582	0.10266903899901081	0.011421949006034993
numba_didatic_mwsd	400	21	0.12819774200324902	0.018854000802158048	14.706967929029684	0.10652497300179675	0.15424071700545028	0.047715744003653526
numba_didatic_mwsd	400	23	0.12209974639699794	0.004316224220550533	3.534998513851668	0.11935472598997876	0.1306007819948718	0.011246056004893035
numba_didatic_mwsd	400	25	0.14039477539772632	0.00482659885024049	3.437876400006446	0.13599493500078097	0.1496552500029793	0.013660315002198331
numba_didatic_mwsd	400	27	0.1669929576019058	0.006327246478410966	3.7889301257209165	0.1587644429964712	0.17501975900086109	0.016255316004389897
numba_didatic_mwsd	400	29	0.18518649059697054	0.007330171890486314	3.9582649181679717	0.17723864900472108	0.19611474400153384	0.018876094996812753
numba_didatic_mwsd	400	31	0.2035651576006785	0.005573688250385803	2.7380364675763276	0.19719584699487314	0.2104179090092657	0.013222062014392577
numba_didatic_mwsd	400	33	0.24345062639913523	0.025347726176068862	10.411854983076315	0.2208315070020035	0.28421074799553026	0.06337924099352676
numba_didatic_mwsd	400	35	0.2507739462016616	0.0023439156672920305	0.9346727213070032	0.24851785000646487	0.25526552301016636	0.006747673003701493
numba_didatic_mwsd	400	37	0.28752332739823033	0.004146223448024325	1.4420476715900181	0.2802298780006822	0.2913705929968273	0.011140714996145107
numba_didatic_mwsd	400	39	0.30899687619821636	0.00590014800639277	1.909452315177427	0.29978442199353594	0.3160424520028755	0.016258030009339564
numba_didatic_mwsd	400	41	0.343841409200104	0.00526497180526824	1.5312209828119354	0.33688554499531165	0.35018300299998373	0.01329745800467208
numba_didatic_mwsd	400	43	0.38134550980175846	0.014478760924488278	3.7967566294447854	0.3568522679997841	0.4007437250111252	0.04389145701134112
numba_didatic_mwsd	400	45	0.39018913699837865	0.0033887591367010497	0.8684914097736992	0.3859710059914505	0.39498162300151307	0.00901061701006256
numba_didatic_mwsd	400	47	0.4184797518013511	0.006217022061864124	1.4856207582572103	0.4120918959961273	0.42876853300549556	0.016676637009368278
numba_didatic_mwsd	400	49	0.46237263360235376	0.00792120819077448	1.7131654460300128	0.45054128899937496	0.4708766590047162	0.020335370005341247
numba_didatic_mwsd	400	51	0.49001937079592606	0.004684273247995021	0.9559363419422532	0.4855815379996784	0.49722876999294385	0.01164723199326545
numba_didatic_mwsd	400	53	0.5809496775968	0.030190460064067448	5.196742717709315	0.524065678997431	0.6107194850046653	0.08665380600723438
numba_didatic_mwsd	400	55	0.5818958877993282	0.0366390231456836	6.296491161717726	0.5581507239985513	0.6544019790017046	0.09625125500315335
numba_didatic_mwsd	400	57	0.6134938525996404	0.003114417788361162	0.5076526480524651	0.609886712001753	0.618206448998535	0.008319736996782012
numba_didatic_mwsd	400	59	0.660010756799602	0.0016691072321902963	0.25289091351841175	0.6579123080009595	0.6619819519983139	0.004069643997354433
numba_didatic_mwsd	800	1	0.06732031640131027	0.0008642323429147501	1.283761558342779	0.06633532900013961	0.06879011599812657	0.0024547869979869574
numba_didatic_mwsd	800	3	0.0757820030034054	0.001376790685219025	1.8167779032670284	0.07410306100791786	0.07830551400547847	0.004202452997560613
numba_didatic_mwsd	800	5	0.08300705779693089	0.003183566873310262	3.8352966094745393	0.08012426999630406	0.08919058699393645	0.009066316997632384
numba_didatic_mwsd	800	7	0.10188013179576956	0.004947208810095228	4.855911278179809	0.09726860398950521	0.11078526399796829	0.013516660008463077
numba_didatic_mwsd	800	9	0.14054336200351827	0.0022363525271141015	1.5912188916173202	0.1364078629994765	0.14314919800381176	0.006741335004335269
numba_didatic_mwsd	800	11	0.17204472580342553	0.008090178336475053	4.70236928141506	0.16728617101034615	0.18818616500357166	0.020899993993225507
numba_didatic_mwsd	800	13	0.22057689720240886	0.0087901927778707	3.985092223781043	0.21127857999817934	0.23714233700593468	0.02586375700775534
numba_didatic_mwsd	800	15	0.2598227762035094	0.006575461966714248	2.530748867668143	0.25129292500787415	0.269171053005266	0.017878127997391857
numba_didatic_mwsd	800	17	0.3118837574031204	0.010479534899332205	3.3600771603463295	0.2976875040039886	0.3235224070085678	0.025834903004579246
numba_didatic_mwsd	800	19	0.3921256380068371	0.027651793934065746	7.05176893676705	0.3581018520053476	0.4200670060090488	0.06196515400370117
numba_didatic_mwsd	800	21	0.42544510499865285	0.005236569484457932	1.230844925216501	0.41734846599865705	0.4313565600023139	0.014008094003656879
numba_didatic_mwsd	800	23	0.4868486669991398	0.004850448257333056	0.9962948624734811	0.479026254004566	0.4934047809947515	0.014378526990185492
numba_didatic_mwsd	800	25	0.5608284379995894	0.006026837004430035	1.0746311342425983	0.5537022979988251	0.5700656999979401	0.016363401999115013
numba_didatic_mwsd	800	27	0.6643552465975517	0.03281881507500128	4.939949709598969	0.6368126359884627	0.7251524180028355	0.08833978201437276
numba_didatic_mwsd	800	29	0.7400916915968991	0.013124596624763516	1.7733744039802035	0.7262836260051699	0.7649167649942683	0.03863313898909837
numba_didatic_mwsd	800	31	0.8151880610006629	0.007553649192848565	0.9266143058543178	0.8045292500028154	0.8260776170063764	0.021548367003560998
numba_didatic_mwsd	800	33	0.919464397802949	0.008103151374477337	0.8812903896920574	0.9067465999978594	0.9310705779935233	0.02432397799566388
numba_didatic_mwsd	800	35	1.0394377882039407	0.012627693941140411	1.2148580785156926	1.0254268770077033	1.0601524660014547	0.034725588993751444
numba_didatic_mwsd	800	37	1.1574769530037883	0.0028754071291334227	0.24842024903143034	1.1521646960027283	1.1600405369972577	0.007875840994529426
numba_didatic_mwsd	800	39	1.2480911534046755	0.01191302779569056	0.9544998186384817	1.2363422850030474	1.2680834780039731	0.031741193000925705
numba_didatic_mwsd	800	41	1.417804724202142	0.03196434618038334	2.2544956745274645	1.3861545820109313	1.47700022799836	0.09084564598742872
numba_didatic_mwsd	800	43	1.5172595450014341	0.09243451266423118	6.0922017573561424	1.464135884991265	1.7016924950003158	0.23755661000905093
numba_didatic_mwsd	800	45	1.554660686798161	0.027035386237578094	1.7389895085890246	1.5166022539924597	1.6010026799922343	0.0844004259997746
numba_didatic_mwsd	800	47	1.8524306436011102	0.16783681533813097	9.060356236164264	1.6706107250065543	2.118204575992422	0.4475938509858679
numba_didatic_mwsd	800	49	1.9732347134005976	0.07847832730302239	3.9771410248391494	1.8748050100111868	2.1129958639940014	0.2381908539828146
numba_didatic_mwsd	800	51	2.012855736995698	0.01945744066025356	0.966658479424606	1.986515964003047	2.036787060991628	0.05027109698858112
numba_didatic_mwsd	800	53	2.2677691849996338	0.14036923447234106	6.189749618295643	2.1306933500018204	2.5197183989948826	0.38902504899306223
numba_didatic_mwsd	800	55	2.4626866425998744	0.10674709186019436	4.3345787488212775	2.3269440250005573	2.605969098993228	0.2790250739926705
numba_didatic_mwsd	800	57	2.514898749999702	0.06730713866293801	2.6763359225871812	2.476394152996363	2.6488955289969454	0.17250137600058224
numba_didatic_mwsd	800	59	2.6903836825978944	0.08292336097335838	3.0822131991703774	2.618475169001613	2.8287362059927545	0.21026103699114174
numba_optimized_parallel_mwsd	100	1	0.0002824141993187368	2.4950895784529734e-05	8.83485881542726	0.000251859994023107	0.0003121430054306984	6.02830114075914e-05
numba_optimized_parallel_mwsd	100	3	0.0002758593996986747	2.286080939525266e-05	8.28712359275191	0.00026227798662148416	0.0003214919997844845	5.9214013163000345e-05
numba_optimized_parallel_mwsd	100	5	0.00032804700022097676	2.339302941653945e-05	7.130999338747679	0.0002933970099547878	0.0003557579912012443	6.23609812464565e-05
numba_optimized_parallel_mwsd	100	7	0.0003783473977819085	2.9966687365580623e-05	7.9204158773821876	0.0003319609968457371	0.0004242830036673695	9.232200682163239e-05
numba_optimized_parallel_mwsd	100	9	0.00038311779499053953	3.408602358829078e-05	8.897008709588254	0.00034957499883603305	0.0004300219879951328	8.044698915909976e-05
numba_optimized_parallel_mwsd	100	11	0.0004029457952128723	2.9133425729835683e-05	7.2301103711591725	0.0003785479930229485	0.0004423139907885343	6.376599776558578e-05
numba_optimized_parallel_mwsd	100	13	0.00042820780363399534	3.208520117811111e-05	7.492904357608459	0.0004069980059284717	0.0004920259962091222	8.502799028065056e-05
numba_optimized_parallel_mwsd	100	15	0.0004956384014803916	6.253716425828963e-05	12.617497770854971	0.0004409420071169734	0.0006119260069681332	0.00017098399985115975
numba_optimized_parallel_mwsd	100	17	0.0005145971983438358	5.294827446889046e-05	10.289265981100868	0.00046906199713703245	0.0005974280065856874	0.00012836600944865495
numba_optimized_parallel_mwsd	100	19	0.0005237929988652467	3.33347069006234e-05	6.364099362313018	0.000497517001349479	0.0005893790075788274	9.186200622934848e-05
numba_optimized_parallel_mwsd	100	21	0.0005240766040515155	2.1219971912347923e-05	4.049021030189329	0.00048174100811593235	0.0005369179998524487	5.5176991736516356e-05
numba_optimized_parallel_mwsd	100	23	0.0005701851943740622	2.5755446819322406e-06	0.45170318474502336	0.0005669700040016323	0.0005733159923693165	6.3459883676841855e-06
numba_optimized_parallel_mwsd	100	25	0.0006933632015716284	6.81117619186597e-05	9.823388631567486	0.0006057980062905699	0.0007691789942327887	0.00016338098794221878
numba_optimized_parallel_mwsd	100	27	0.0006524819968035444	5.742400012410283e-06	0.8800855871183921	0.000646230997517705	0.0006619149935431778	1.568399602547288e-05
numba_optimized_parallel_mwsd	100	29	0.0006912271957844496	2.753815103777239e-06	0.39839507481357567	0.0006881699955556542	0.0006948549998924136	6.685004336759448e-06
numba_optimized_parallel_mwsd	100	31	0.0009366031968966127	0.00017192925116347904	18.356679940145188	0.0007473049918189645	0.0012615230079973117	0.0005142180161783472
numba_optimized_parallel_mwsd	100	33	0.000883224603603594	7.279256789355888e-05	8.241682534268419	0.0007907070103101432	0.0009685959958005697	0.00017788898549042642
numba_optimized_parallel_mwsd	100	35	0.0013927577994763852	0.00043110604401380573	30.953410864105905	0.0010144309926545247	0.0021502669987967238	0.001135836006142199
numba_optimized_parallel_mwsd	100	37	0.0009291740017943085	4.677158233301429e-05	5.033673159461486	0.000892230003955774	0.0010195840004598722	0.00012735399650409818
numba_optimized_parallel_mwsd	100	39	0.0010363043984398246	8.64335422848027e-05	8.3405553826588	0.000957787997322157	0.0011652310058707371	0.0002074430085485801
numba_optimized_parallel_mwsd	100	41	0.0011516606027726084	6.018351601595218e-05	5.225803146435775	0.0010320760047761723	0.0011910240136785433	0.00015894800890237093
numba_optimized_parallel_mwsd	100	43	0.001199341201572679	9.108690361221031e-05	7.594744805962587	0.0010869570105569437	0.001298050003242679	0.00021109299268573523
numba_optimized_parallel_mwsd	100	45	0.0011654442001599818	8.880222953164923e-05	7.619603711568451	0.0010370970121584833	0.0013162639952497557	0.0002791669830912724
numba_optimized_parallel_mwsd	100	47	0.00145477699697949	0.00026454789027080577	18.18477270537537	0.0012268370046513155	0.0019500039925333112	0.0007231669878819957
numba_optimized_parallel_mwsd	100	49	0.0013761391979642212	0.00010508083898399637	7.635916420333549	0.0012817719980375841	0.0015301910025300458	0.0002484190044924617
numba_optimized_parallel_mwsd	100	51	0.0015342108003096656	0.00016888365723074082	11.00785219323533	0.0013233019999461249	0.0017684880003798753	0.00044518600043375045
numba_optimized_parallel_mwsd	100	53	0.001491788198472932	7.614733971482345e-05	5.104433712022365	0.00141976099985186	0.0015982530021574348	0.00017849200230557472
numba_optimized_parallel_mwsd	100	55	0.0016599777998635545	9.007534793900247e-05	5.426298348472275	0.0014894380001351237	0.001752600001054816	0.0002631620009196922
numba_optimized_parallel_mwsd	100	57	0.001721756800543517	8.936767324396221e-05	5.190493408578435	0.001547770996694453	0.0017908150039147586	0.0002430440072203055
numba_optimized_parallel_mwsd	100	59	0.0017211364029208198	0.00011030179177530285	6.408660672571762	0.001626295008463785	0.0018893530068453401	0.0002630579983815551
numba_optimized_parallel_mwsd	200	1	0.0008203631936339661	0.00017779807203467812	21.673092285757637	0.0006087999936426058	0.0011496879887999967	0.0005408879951573908
numba_optimized_parallel_mwsd	200	3	0.0007338091993005947	0.00010408892138402546	14.184739232382789	0.0006432890077121556	0.0008747939864406362	0.00023150497872848064
numba_optimized_parallel_mwsd	200	5	0.0009227853995980694	8.627217030124009e-05	9.349104389689845	0.0007508190028602257	0.000978876996668987	0.00022805799380876124
numba_optimized_parallel_mwsd	200	7	0.0011665475962217898	0.00021669829686128016	18.57603560824452	0.0009066399943549186	0.0015664839884266257	0.0006598439940717071
numba_optimized_parallel_mwsd	200	9	0.0011972909967880696	2.2876713222143382e-05	1.910706192856535	0.0011540169944055378	0.001217140001244843	6.312300683930516e-05
numba_optimized_parallel_mwsd	200	11	0.0012248343991814181	0.00011119505638911616	9.078374714445488	0.0010944990062853321	0.0013748769997619092	0.0002803779934765771
numba_optimized_parallel_mwsd	200	13	0.0013251215976197272	0.00013496593282209555	10.185173425935437	0.0012122170010115951	0.0015018239937489852	0.0002896069927373901
numba_optimized_parallel_mwsd	200	15	0.001450966196716763	0.00012631986188023668	8.705913491718308	0.0012979649909539148	0.0015912469971226528	0.000293282006168738
numba_optimized_parallel_mwsd	200	17	0.001968240598216653	0.000563162532819961	28.612484333989496	0.0014030169986654073	0.0026578089891700074	0.0012547919905046
numba_optimized_parallel_mwsd	200	19	0.002082932399935089	0.0003678454049916567	17.659978067608915	0.001642447998165153	0.0026894540060311556	0.0010470060078660026
numba_optimized_parallel_mwsd	200	21	0.002035660797264427	0.00043238747125566335	21.24064440582226	0.0016279999981634319	0.0028198179934406653	0.0011918179952772334
numba_optimized_parallel_mwsd	200	23	0.0023883480025688186	0.00037301333175223	15.618047761508402	0.0020121749985264614	0.003105394003796391	0.0010932190052699298
numba_optimized_parallel_mwsd	200	25	0.002150766405975446	0.00022130078526970482	10.289391942094118	0.0018725760019151494	0.002358557001571171	0.0004859809996560216
numba_optimized_parallel_mwsd	200	27	0.002229495000210591	0.0003443550003082624	15.445425994484658	0.0020104759896639735	0.002912976997322403	0.0009025010076584294
numba_optimized_parallel_mwsd	200	29	0.002712159600923769	5.1704374367836907e-05	1.9063912887068393	0.0026579859986668453	0.002808335004374385	0.00015034900570753962
numba_optimized_parallel_mwsd	200	31	0.003155063799931668	0.00047429683096798087	15.032876069835835	0.002343694999581203	0.003830337998806499	0.001486642999225296
numba_optimized_parallel_mwsd	200	33	0.0026925222075078635	0.0003190207611809501	11.84839851242038	0.0023629150091437623	0.0030983720062067732	0.0007354569970630109
numba_optimized_parallel_mwsd	200	35	0.0030186062009306624	0.00029958388000419296	9.92457644564	0.0026422520022606477	0.003298584997537546	0.0006563329952768981
numba_optimized_parallel_mwsd	200	37	0.0031968936003977434	0.00021493248843519602	6.723166776912909	0.002958013996249065	0.0034603149979375303	0.0005023010016884655
numba_optimized_parallel_mwsd	200	39	0.004537390201585367	0.0010043596756384033	22.13518412605289	0.0037672100006602705	0.006490102008683607	0.0027228920080233365
numba_optimized_parallel_mwsd	200	41	0.0034760006034048273	0.0002242336835662872	6.450910375177866	0.003274302012869157	0.003874195012031123	0.0005998929991619661
numba_optimized_parallel_mwsd	200	43	0.0035358901979634537	0.0003518816435619866	9.951712973571913	0.003041957999812439	0.004135451992624439	0.0010934939928120002
numba_optimized_parallel_mwsd	200	45	0.0038474707951536404	0.0003870322120501633	10.059393109303848	0.003193985001416877	0.004361575993243605	0.001167590991826728
numba_optimized_parallel_mwsd	200	47	0.004776360397227108	0.0013163275037031577	27.5592165211684	0.00353886499942746	0.007322345991269685	0.003783480991842225
numba_optimized_parallel_mwsd	200	49	0.004343899394734762	0.0004942971892733127	11.379112275768865	0.00371813599485904	0.004988115993910469	0.0012699799990514293
numba_optimized_parallel_mwsd	200	51	0.0038488213962409646	0.0006403650170302832	16.637950975218274	0.003312435990665108	0.005061872987425886	0.0017494369967607781
numba_optimized_parallel_mwsd	200	53	0.004220142800477333	0.000627509974914398	14.869401453510562	0.003435035003349185	0.005091655999422073	0.0016566209960728884
numba_optimized_parallel_mwsd	200	55	0.005186053604120389	0.0005584813856919425	10.76890885293244	0.004286947994842194	0.005734065009164624	0.00144711701432243
numba_optimized_parallel_mwsd	200	57	0.004725660200347192	0.0009154151185326731	19.371158308534707	0.003493128009722568	0.0058233510062564164	0.0023302229965338483
numba_optimized_parallel_mwsd	200	59	0.005240175998187624	0.0008158131937382435	15.568431175220105	0.003928170990548097	0.006198846007464454	0.002270675016916357
numba_optimized_parallel_mwsd	300	1	0.0015722262032795697	0.0002139931287652259	13.610835916539811	0.0011671640095300972	0.0017643220053287223	0.000597157995798625
numba_optimized_parallel_mwsd	300	3	0.0015640890022041276	0.00024057608460658812	15.38122730020902	0.00126956999883987	0.0017965620063478127	0.0005269920075079426
numba_optimized_parallel_mwsd	300	5	0.0019579304003855213	0.00023365855091856622	11.933955919605634	0.0015098020085133612	0.002175354995415546	0.0006655529869021848
numba_optimized_parallel_mwsd	300	7	0.0021624166023684666	0.0003269749406684728	15.120811610045049	0.0015146259975153953	0.002372065995587036	0.0008574399980716407
numba_optimized_parallel_mwsd	300	9	0.0023662775987759233	0.0003017638135577694	12.752680146820982	0.0018795979995047674	0.002642595994984731	0.0007629979954799637
numba_optimized_parallel_mwsd	300	11	0.0024744495953200386	0.0003154807896020538	12.749533884170729	0.0019885009969584644	0.002847241994459182	0.0008587409975007176
numba_optimized_parallel_mwsd	300	13	0.0027973972028121352	0.00034700146178293643	12.404440150083328	0.0022116990003269166	0.003082987997913733	0.0008712889975868165
numba_optimized_parallel_mwsd	300	15	0.0030512162018567325	0.000450143576183802	14.752922979036349	0.002423764002742246	0.003708655000082217	0.0012848909973399714
numba_optimized_parallel_mwsd	300	17	0.003124881797702983	0.00019914735619184294	6.3729564535282845	0.002935080003226176	0.003424993992666714	0.000489913989440538
numba_optimized_parallel_mwsd	300	19	0.0030429812002694236	0.0001596338567220679	5.245969206380047	0.0027861909911734983	0.003264538012444973	0.00047834702127147466
numba_optimized_parallel_mwsd	300	21	0.0033284514007391407	3.781983227302188e-05	1.1362591103064725	0.003290348991868086	0.003395317995455116	0.00010496900358702987
numba_optimized_parallel_mwsd	300	23	0.003928541598725133	0.00033840066795412575	8.613900590080084	0.003652988001704216	0.004580225009704009	0.0009272370079997927
numba_optimized_parallel_mwsd	300	25	0.004274435999104753	0.0008136712834324265	19.035757784251388	0.003375283005880192	0.0054962010035524145	0.0021209179976722226
numba_optimized_parallel_mwsd	300	27	0.005287481998675503	0.0010665374632637173	20.170989963292197	0.0036140809970675036	0.006815500993980095	0.003201419996912591
numba_optimized_parallel_mwsd	300	29	0.005627192396786995	0.0010570602743570651	18.78486107851268	0.004446203995030373	0.0069151369971223176	0.0024689330020919442
numba_optimized_parallel_mwsd	300	31	0.005814544798340648	0.0007851974140522516	13.504022090883725	0.004492156993364915	0.006500235002022237	0.0020080780086573213
numba_optimized_parallel_mwsd	300	33	0.006328754805144854	0.0011203390280571269	17.702361089204565	0.0045336920011322945	0.007747988012852147	0.0032142960117198527
numba_optimized_parallel_mwsd	300	35	0.006150482798693702	0.0009517527331915887	15.47443939512734	0.005035102993133478	0.007762929002637975	0.002727826009504497
numba_optimized_parallel_mwsd	300	37	0.00644305240130052	0.0007632418060066394	11.845966142578325	0.005635125999106094	0.0078123160055838525	0.0021771900064777583
numba_optimized_parallel_mwsd	300	39	0.0077084286022000015	0.0011075992204933344	14.36867716692898	0.006481861011707224	0.009652487002313137	0.003170625990605913
numba_optimized_parallel_mwsd	300	41	0.0068048927962081505	0.0010585644960827297	15.555932000465711	0.005346613994333893	0.008577643005992286	0.003231029011658393
numba_optimized_parallel_mwsd	300	43	0.007047423199401237	0.000587034890228026	8.329780596656969	0.006295532992226072	0.007552811992354691	0.0012572790001286194
numba_optimized_parallel_mwsd	300	45	0.006963036200613715	0.0007856764169771732	11.283531987208749	0.005888705010875128	0.007961007999256253	0.002072302988381125
numba_optimized_parallel_mwsd	300	47	0.00842399219982326	0.0018570116208806652	22.04431790570303	0.006583055990631692	0.011805891990661621	0.005222836000029929
numba_optimized_parallel_mwsd	300	49	0.006693734804866835	0.00011451037923613017	1.7107098290310625	0.006530245998874307	0.006885791997774504	0.00035554599890019745
numba_optimized_parallel_mwsd	300	51	0.009178057202370837	0.001225060204830523	13.347707230611622	0.0081754290004028	0.011542849999386817	0.0033674209989840165
numba_optimized_parallel_mwsd	300	53	0.008659298002021388	0.0010452100954194818	12.070379090493162	0.00697625799512025	0.009852659000898711	0.0028764010057784617
numba_optimized_parallel_mwsd	300	55	0.009380387602141127	0.0006004150982514938	6.400749347654309	0.008270029007690027	0.010023283000919037	0.0017532539932290092
numba_optimized_parallel_mwsd	300	57	0.009891275002155453	0.00032380544494467603	3.273647177680472	0.00958320900099352	0.010375573998317122	0.0007923649973236024
numba_optimized_parallel_mwsd	300	59	0.009389238007133826	0.0007216759099079236	7.686203176014956	0.008714709008927457	0.010760155011666939	0.0020454460027394816
numba_optimized_parallel_mwsd	400	1	0.0026431652018800377	0.0003088771258263214	11.685880459027777	0.002079370999126695	0.0030283520027296618	0.0009489810036029667
numba_optimized_parallel_mwsd	400	3	0.002590305599733256	0.0004200252500271203	16.215277844837058	0.0022185059933690354	0.0031905110081424937	0.0009720050147734582
numba_optimized_parallel_mwsd	400	5	0.003006273999926634	0.0004647210880621862	15.458374322284907	0.0025963969965232536	0.0036155849957140163	0.0010191879991907626
numba_optimized_parallel_mwsd	400	7	0.003457992395851761	0.0003655374803905849	10.570800584439889	0.0029525549907702953	0.0039910859923111275	0.0010385310015408322
numba_optimized_parallel_mwsd	400	9	0.0036968125990824775	0.0004640394461883818	12.55242005785073	0.0032974920031847432	0.004428062995430082	0.0011305709922453389
numba_optimized_parallel_mwsd	400	11	0.00446663880138658	0.0005910610820010216	13.232793343789929	0.003805792992352508	0.005354220003937371	0.001548427011584863
numba_optimized_parallel_mwsd	400	13	0.004286138602765277	0.0006108590619142107	14.251967062383478	0.003646941011538729	0.005349997998564504	0.001703056987025775
numba_optimized_parallel_mwsd	400	15	0.005247318802867084	0.000592399413107817	11.289563972826192	0.004752073000418022	0.006037935003405437	0.0012858620029874146
numba_optimized_parallel_mwsd	400	17	0.00500706160091795	0.00033678559905888397	6.72621241562398	0.00449704600032419	0.005464606001623906	0.0009675600012997165
numba_optimized_parallel_mwsd	400	19	0.0052782457991270345	0.00037752255765516053	7.152424726366451	0.004670505993999541	0.00564520301122684	0.0009746970172272995
numba_optimized_parallel_mwsd	400	21	0.0061124077998101715	0.00033703294510080526	5.513914583893965	0.005891841006814502	0.006781976990168914	0.000890135983354412
numba_optimized_parallel_mwsd	400	23	0.006619735798449255	0.0009772063062500052	14.76201371176968	0.00531413899443578	0.007970199003466405	0.0026560600090306252
numba_optimized_parallel_mwsd	400	25	0.00802647100063041	0.0011709298055183287	14.588351536140383	0.00637607800308615	0.009278561003156938	0.002902483000070788
numba_optimized_parallel_mwsd	400	27	0.006600795200210996	0.0005224154318664245	7.914431761944763	0.006040852997102775	0.007575013005407527	0.0015341600083047524
numba_optimized_parallel_mwsd	400	29	0.007713960998808033	0.0010252749869813578	13.29116114457649	0.006588831995031796	0.009610384004190564	0.0030215520091587678
numba_optimized_parallel_mwsd	400	31	0.008352608399582096	0.0004004579426531067	4.794405813076819	0.00764395299484022	0.008798229988315143	0.001154276993474923
numba_optimized_parallel_mwsd	400	33	0.00896429380227346	0.001188887803916161	13.262481464124301	0.00803116500901524	0.011278170000878163	0.003247004991862923
numba_optimized_parallel_mwsd	400	35	0.009459752799011767	0.0016402446058117186	17.33919099855411	0.007924805002403446	0.012580744994920678	0.004655939992517233
numba_optimized_parallel_mwsd	400	37	0.010967538398108444	0.00228126154194517	20.800123593263333	0.008926619004341774	0.015278648003004491	0.006352028998662718
numba_optimized_parallel_mwsd	400	39	0.010450198999023996	0.0005242278819622947	5.016439227724327	0.009685183002147824	0.01117546200111974	0.0014902789989719167
numba_optimized_parallel_mwsd	400	41	0.013387109199538828	0.00273020398179626	20.394275874662416	0.011214889993425459	0.018623244992340915	0.007408354998915456
numba_optimized_parallel_mwsd	400	43	0.012149525599670596	0.0005058115801247539	4.163220826815392	0.011317715994664468	0.01285815000301227	0.0015404340083478019
numba_optimized_parallel_mwsd	400	45	0.012608820601599291	0.0007724705976363571	6.126430235182962	0.01122571001178585	0.01348601900099311	0.0022603089892072603
numba_optimized_parallel_mwsd	400	47	0.013231246202485636	0.00068752625031687	5.196232008650179	0.012441170998499729	0.014382199005922303	0.0019410280074225739
numba_optimized_parallel_mwsd	400	49	0.013822576598613523	0.0005080911196456078	3.6758061423698094	0.013276334007969126	0.014709467999637127	0.0014331339916680008
numba_optimized_parallel_mwsd	400	51	0.013762797001982107	0.0007728048974398688	5.615173262590228	0.012417276011547074	0.014532982997479849	0.002115706985932775
numba_optimized_parallel_mwsd	400	53	0.01442529799824115	0.001109286058177351	7.68986580597922	0.013305398999364115	0.016445750996354036	0.0031403519969899207
numba_optimized_parallel_mwsd	400	55	0.014778932003537193	0.00046571077324564805	3.1511801606109615	0.014342971000587568	0.015472801998839714	0.001129830998252146
numba_optimized_parallel_mwsd	400	57	0.013554601202486083	0.00032469444474601345	2.3954555349548787	0.013252656004624441	0.014183167993905954	0.0009305119892815128
numba_optimized_parallel_mwsd	400	59	0.015879015598329715	0.0006241217180479018	3.9304811698374555	0.015114943002117798	0.016507339998497628	0.00139239699637983
numba_optimized_parallel_mwsd	800	1	0.008793576603056862	0.0006859472190539586	7.800548627909905	0.008042030007345602	0.009980068003642373	0.0019380379962967709
numba_optimized_parallel_mwsd	800	3	0.010157788402284495	0.002122667110609649	20.89694160327517	0.008605063005234115	0.014306836994364858	0.005701773989130743
numba_optimized_parallel_mwsd	800	5	0.011774942401098087	0.0014303988697047078	12.147820524126846	0.010300239999196492	0.0142053759918781	0.0039051359926816076
numba_optimized_parallel_mwsd	800	7	0.014926100199227221	0.0030735426013528723	20.591732336836387	0.011079818999860436	0.02011297100398224	0.009033152004121803
numba_optimized_parallel_mwsd	800	9	0.013265582401072607	0.00025243016163203674	1.9028954327073204	0.012996284000109881	0.013719506998313591	0.0007232229982037097
numba_optimized_parallel_mwsd	800	11	0.014544693200150505	0.0006923938141277523	4.760456646281048	0.0137836520007113	0.015675839997129515	0.0018921879964182153
numba_optimized_parallel_mwsd	800	13	0.01552743219945114	0.0014120536419735446	9.09392888557232	0.0134904480073601	0.017842934001237154	0.004352485993877053
numba_optimized_parallel_mwsd	800	15	0.016739689200767315	0.00039530138219648846	2.3614618972637116	0.016279457006021403	0.01746549500967376	0.0011860380036523566
numba_optimized_parallel_mwsd	800	17	0.01843893139739521	0.0007100846433019768	3.8510075665354853	0.017953438000404276	0.019837757994537242	0.0018843199941329658
numba_optimized_parallel_mwsd	800	19	0.019999992198427206	0.0009380900333099972	4.69045199619512	0.018809045999660157	0.021358874000725336	0.0025498280010651797
numba_optimized_parallel_mwsd	800	21	0.02095940600265749	0.0008872467620597859	4.233167495048714	0.019574612990254536	0.022330817009788007	0.0027562040195334703
numba_optimized_parallel_mwsd	800	23	0.023405872599687426	0.001763382202887675	7.533930620946916	0.02082155599782709	0.025818866008194163	0.004997310010367073
numba_optimized_parallel_mwsd	800	25	0.02619189480319619	0.0033866617629599934	12.93019000117059	0.02282829800969921	0.032415705994935706	0.009587407985236496
numba_optimized_parallel_mwsd	800	27	0.026314079796429725	0.001642041633846257	6.240163617916246	0.02502495699445717	0.029490740998880938	0.004465784004423767
numba_optimized_parallel_mwsd	800	29	0.02702626979735214	0.0006214415172552256	2.2993980372241762	0.02622552499815356	0.028089786996133626	0.0018642619979800656
numba_optimized_parallel_mwsd	800	31	0.02985300699947402	0.002190400221716149	7.337285057263215	0.027875124011188745	0.034106218998203985	0.00623109498701524
numba_optimized_parallel_mwsd	800	33	0.031108466401929036	0.001232680746655301	3.9625249625898067	0.0294984909996856	0.03331512099248357	0.0038166299927979708
numba_optimized_parallel_mwsd	800	35	0.03347328060190193	0.0008851404621155623	2.6443194279119124	0.032432624997454695	0.03508821700233966	0.0026555920048849657
numba_optimized_parallel_mwsd	800	37	0.03614210299565457	0.003261950701891756	9.025348365267917	0.033254232999752276	0.04218609999225009	0.008931866992497817
numba_optimized_parallel_mwsd	800	39	0.03657840840460267	0.0012339928729787487	3.373555402764531	0.03518814800190739	0.03842831600923091	0.0032401680073235184
numba_optimized_parallel_mwsd	800	41	0.03708459600165952	0.0008659489928317337	2.335063843739818	0.03583003599487711	0.038036746002035215	0.002206710007158108
numba_optimized_parallel_mwsd	800	43	0.040676718798931685	0.0011450725018419166	2.8150562180349468	0.039223337997100316	0.042470537999179214	0.0032472000020788983
numba_optimized_parallel_mwsd	800	45	0.04584903019713238	0.005267523731999498	11.488844386350738	0.0404913659876911	0.0554139860032592	0.0149226200155681
numba_optimized_parallel_mwsd	800	47	0.04406006659846753	0.0011312575870053914	2.567534900287096	0.04286569100804627	0.04591553199861664	0.003049840990570374
numba_optimized_parallel_mwsd	800	49	0.0452568720036652	0.0014767712415189923	3.2630872973266776	0.043515124008990824	0.04740218100778293	0.0038870569987921044
numba_optimized_parallel_mwsd	800	51	0.04869425059587229	0.0008267171747454395	1.6977716355193657	0.047740112990140915	0.04995903300005011	0.0022189200099091977
numba_optimized_parallel_mwsd	800	53	0.05449073899362702	0.00521057109477204	9.562305799122019	0.04912555599003099	0.06417559999681544	0.015050044006784447
numba_optimized_parallel_mwsd	800	55	0.05211536960268859	0.0028342301924836107	5.438376843704463	0.049336500000208616	0.05735031800577417	0.008013818005565554
numba_optimized_parallel_mwsd	800	57	0.054625568198389374	0.001335961715059076	2.4456710641564854	0.05348549099289812	0.05711733900534455	0.003631848012446426
numba_optimized_parallel_mwsd	800	59	0.0573973455990199	0.0034913956730232886	6.082852153851008	0.05398625800444279	0.06347545499738771	0.009489196992944926
